{
  "parent": "minecraft:item/template_skull",
  "overrides": [
    {
      "predicate": { "custom_model_data": 1 },
      "model": "custom/player_head_gui"
    },
    {
      "predicate": { "custom_model_data": 10 },
      "model": "custom/headturn_y/head_1"
    },
    {
      "predicate": { "custom_model_data": 11 },
      "model": "custom/headturn_y/head_2"
    },
    {
      "predicate": { "custom_model_data": 12 },
      "model": "custom/headturn_y/head_3"
    },
    {
      "predicate": { "custom_model_data": 13 },
      "model": "custom/headturn_y/head_4"
    },
    {
      "predicate": { "custom_model_data": 14 },
      "model": "custom/headturn_y/head_5"
    },
    {
      "predicate": { "custom_model_data": 15 },
      "model": "custom/headturn_y/head_6"
    },
    {
      "predicate": { "custom_model_data": 16 },
      "model": "custom/headturn_y/head_7"
    },
    {
      "predicate": { "custom_model_data": 17 },
      "model": "custom/headturn_y/head_8"
    },
    {
      "predicate": { "custom_model_data": 18 },
      "model": "custom/headturn_y/head_9"
    },
    {
      "predicate": { "custom_model_data": 19 },
      "model": "custom/headturn_y/head_10"
    },
    {
      "predicate": { "custom_model_data": 20 },
      "model": "custom/headturn_y/head_11"
    },
    {
      "predicate": { "custom_model_data": 21 },
      "model": "custom/headturn_y/head_12"
    },
    {
      "predicate": { "custom_model_data": 22 },
      "model": "custom/headturn_y/head_13"
    },
    {
      "predicate": { "custom_model_data": 23 },
      "model": "custom/headturn_y/head_14"
    },
    {
      "predicate": { "custom_model_data": 24 },
      "model": "custom/headturn_y/head_15"
    },
    {
      "predicate": { "custom_model_data": 25 },
      "model": "custom/headturn_y/head_16"
    },
    {
      "predicate": { "custom_model_data": 26 },
      "model": "custom/headturn_y/head_17"
    },
    {
      "predicate": { "custom_model_data": 27 },
      "model": "custom/headturn_y/head_18"
    },
    {
      "predicate": { "custom_model_data": 28 },
      "model": "custom/headturn_y/head_19"
    },
    {
      "predicate": { "custom_model_data": 29 },
      "model": "custom/headturn_y/head_20"
    },
    {
      "predicate": { "custom_model_data": 30 },
      "model": "custom/headturn_y/head_21"
    },
    {
      "predicate": { "custom_model_data": 31 },
      "model": "custom/headturn_y/head_22"
    },
    {
      "predicate": { "custom_model_data": 32 },
      "model": "custom/headturn_y/head_23"
    },
    {
      "predicate": { "custom_model_data": 33 },
      "model": "custom/headturn_y/head_24"
    },
    {
      "predicate": { "custom_model_data": 34 },
      "model": "custom/headturn_y/head_25"
    },
    {
      "predicate": { "custom_model_data": 35 },
      "model": "custom/headturn_y/head_26"
    },
    {
      "predicate": { "custom_model_data": 36 },
      "model": "custom/headturn_y/head_27"
    },
    {
      "predicate": { "custom_model_data": 37 },
      "model": "custom/headturn_y/head_28"
    },
    {
      "predicate": { "custom_model_data": 38 },
      "model": "custom/headturn_y/head_29"
    },
    {
      "predicate": { "custom_model_data": 39 },
      "model": "custom/headturn_y/head_30"
    },
    {
      "predicate": { "custom_model_data": 40 },
      "model": "custom/headturn_y/head_31"
    },
    {
      "predicate": { "custom_model_data": 41 },
      "model": "custom/headturn_y/head_32"
    },
    {
      "predicate": { "custom_model_data": 42 },
      "model": "custom/headturn_y/head_33"
    },
    {
      "predicate": { "custom_model_data": 43 },
      "model": "custom/headturn_y/head_34"
    },
    {
      "predicate": { "custom_model_data": 44 },
      "model": "custom/headturn_y/head_35"
    },
    {
      "predicate": { "custom_model_data": 100 },
      "model": "custom/headturn_x/head_1"
    },
    {
      "predicate": { "custom_model_data": 110 },
      "model": "custom/headturn_x/head_2"
    },
    {
      "predicate": { "custom_model_data": 120 },
      "model": "custom/headturn_x/head_3"
    },
    {
      "predicate": { "custom_model_data": 130 },
      "model": "custom/headturn_x/head_4"
    },
    {
      "predicate": { "custom_model_data": 140 },
      "model": "custom/headturn_x/head_5"
    },
    {
      "predicate": { "custom_model_data": 150 },
      "model": "custom/headturn_x/head_6"
    },
    {
      "predicate": { "custom_model_data": 160 },
      "model": "custom/headturn_x/head_7"
    },
    {
      "predicate": { "custom_model_data": 170 },
      "model": "custom/headturn_x/head_8"
    },
    {
      "predicate": { "custom_model_data": 180 },
      "model": "custom/headturn_x/head_9"
    },
    {
      "predicate": { "custom_model_data": 190 },
      "model": "custom/headturn_x/head_10"
    },
    {
      "predicate": { "custom_model_data": 200 },
      "model": "custom/headturn_x/head_11"
    },
    {
      "predicate": { "custom_model_data": 210 },
      "model": "custom/headturn_x/head_12"
    },
    {
      "predicate": { "custom_model_data": 220 },
      "model": "custom/headturn_x/head_13"
    },
    {
      "predicate": { "custom_model_data": 230 },
      "model": "custom/headturn_x/head_14"
    },
    {
      "predicate": { "custom_model_data": 240 },
      "model": "custom/headturn_x/head_15"
    },
    {
      "predicate": { "custom_model_data": 250 },
      "model": "custom/headturn_x/head_16"
    },
    {
      "predicate": { "custom_model_data": 260 },
      "model": "custom/headturn_x/head_17"
    },
    {
      "predicate": { "custom_model_data": 270 },
      "model": "custom/headturn_x/head_18"
    },
    {
      "predicate": { "custom_model_data": 280 },
      "model": "custom/headturn_x/head_19"
    },
    {
      "predicate": { "custom_model_data": 290 },
      "model": "custom/headturn_x/head_20"
    },
    {
      "predicate": { "custom_model_data": 300 },
      "model": "custom/headturn_x/head_21"
    },
    {
      "predicate": { "custom_model_data": 310 },
      "model": "custom/headturn_x/head_22"
    },
    {
      "predicate": { "custom_model_data": 320 },
      "model": "custom/headturn_x/head_23"
    },
    {
      "predicate": { "custom_model_data": 330 },
      "model": "custom/headturn_x/head_24"
    },
    {
      "predicate": { "custom_model_data": 340 },
      "model": "custom/headturn_x/head_25"
    },
    {
      "predicate": { "custom_model_data": 350 },
      "model": "custom/headturn_x/head_26"
    },
    {
      "predicate": { "custom_model_data": 360 },
      "model": "custom/headturn_x/head_27"
    },
    {
      "predicate": { "custom_model_data": 370 },
      "model": "custom/headturn_x/head_28"
    },
    {
      "predicate": { "custom_model_data": 380 },
      "model": "custom/headturn_x/head_29"
    },
    {
      "predicate": { "custom_model_data": 390 },
      "model": "custom/headturn_x/head_30"
    },
    {
      "predicate": { "custom_model_data": 400 },
      "model": "custom/headturn_x/head_31"
    },
    {
      "predicate": { "custom_model_data": 410 },
      "model": "custom/headturn_x/head_32"
    },
    {
      "predicate": { "custom_model_data": 420 },
      "model": "custom/headturn_x/head_33"
    },
    {
      "predicate": { "custom_model_data": 430 },
      "model": "custom/headturn_x/head_34"
    },
    {
      "predicate": { "custom_model_data": 440 },
      "model": "custom/headturn_x/head_35"
    },
    {
      "predicate": { "custom_model_data": 1000 },
      "model": "custom/headturn_z/head_1"
    },
    {
      "predicate": { "custom_model_data": 1100 },
      "model": "custom/headturn_z/head_2"
    },
    {
      "predicate": { "custom_model_data": 1200 },
      "model": "custom/headturn_z/head_3"
    },
    {
      "predicate": { "custom_model_data": 1300 },
      "model": "custom/headturn_z/head_4"
    },
    {
      "predicate": { "custom_model_data": 1400 },
      "model": "custom/headturn_z/head_5"
    },
    {
      "predicate": { "custom_model_data": 1500 },
      "model": "custom/headturn_z/head_6"
    },
    {
      "predicate": { "custom_model_data": 1600 },
      "model": "custom/headturn_z/head_7"
    },
    {
      "predicate": { "custom_model_data": 1700 },
      "model": "custom/headturn_z/head_8"
    },
    {
      "predicate": { "custom_model_data": 1800 },
      "model": "custom/headturn_z/head_9"
    },
    {
      "predicate": { "custom_model_data": 1900 },
      "model": "custom/headturn_z/head_10"
    },
    {
      "predicate": { "custom_model_data": 2000 },
      "model": "custom/headturn_z/head_11"
    },
    {
      "predicate": { "custom_model_data": 2100 },
      "model": "custom/headturn_z/head_12"
    },
    {
      "predicate": { "custom_model_data": 2200 },
      "model": "custom/headturn_z/head_13"
    },
    {
      "predicate": { "custom_model_data": 2300 },
      "model": "custom/headturn_z/head_14"
    },
    {
      "predicate": { "custom_model_data": 2400 },
      "model": "custom/headturn_z/head_15"
    },
    {
      "predicate": { "custom_model_data": 2500 },
      "model": "custom/headturn_z/head_16"
    },
    {
      "predicate": { "custom_model_data": 2600 },
      "model": "custom/headturn_z/head_17"
    },
    {
      "predicate": { "custom_model_data": 2700 },
      "model": "custom/headturn_z/head_18"
    },
    {
      "predicate": { "custom_model_data": 2800 },
      "model": "custom/headturn_z/head_19"
    },
    {
      "predicate": { "custom_model_data": 2900 },
      "model": "custom/headturn_z/head_20"
    },
    {
      "predicate": { "custom_model_data": 3000 },
      "model": "custom/headturn_z/head_21"
    },
    {
      "predicate": { "custom_model_data": 3100 },
      "model": "custom/headturn_z/head_22"
    },
    {
      "predicate": { "custom_model_data": 3200 },
      "model": "custom/headturn_z/head_23"
    },
    {
      "predicate": { "custom_model_data": 3300 },
      "model": "custom/headturn_z/head_24"
    },
    {
      "predicate": { "custom_model_data": 3400 },
      "model": "custom/headturn_z/head_25"
    },
    {
      "predicate": { "custom_model_data": 3500 },
      "model": "custom/headturn_z/head_26"
    },
    {
      "predicate": { "custom_model_data": 3600 },
      "model": "custom/headturn_z/head_27"
    },
    {
      "predicate": { "custom_model_data": 3700 },
      "model": "custom/headturn_z/head_28"
    },
    {
      "predicate": { "custom_model_data": 3800 },
      "model": "custom/headturn_z/head_29"
    },
    {
      "predicate": { "custom_model_data": 3900 },
      "model": "custom/headturn_z/head_30"
    },
    {
      "predicate": { "custom_model_data": 4000 },
      "model": "custom/headturn_z/head_31"
    },
    {
      "predicate": { "custom_model_data": 4100 },
      "model": "custom/headturn_z/head_32"
    },
    {
      "predicate": { "custom_model_data": 4200 },
      "model": "custom/headturn_z/head_33"
    },
    {
      "predicate": { "custom_model_data": 4300 },
      "model": "custom/headturn_z/head_34"
    },
    {
      "predicate": { "custom_model_data": 4400 },
      "model": "custom/headturn_z/head_35"
    }
  ]
}
